{
   "content" : [
      {
         "path" : "subpacks/mojangles_smooth/font/glyph_1D.png"
      },
      {
         "path" : "subpacks/mojangles/font/glyph_06.png"
      },
      {
         "path" : "pack_icon.png"
      },
      {
         "path" : "contents.json"
      },
      {
         "path" : "subpacks/mojangles/font/glyph_01.png"
      },
      {
         "path" : "subpacks/mojangles/font/glyph_27.png"
      },
      {
         "path" : "subpacks/mojangles_smooth/font/glyph_00.png"
      },
      {
         "path" : "manifest.json"
      },
      {
         "path" : "subpacks/mojangles/font/default8.png"
      },
      {
         "path" : "subpacks/mojangles/font/glyph_00.png"
      },
      {
         "path" : "subpacks/mojangles_smooth/font/glyph_FE.png"
      },
      {
         "path" : "subpacks/mojangles/font/glyph_02.png"
      },
      {
         "path" : "subpacks/mojangles/font/glyph_03.png"
      },
      {
         "path" : "subpacks/mojangles/font/glyph_04.png"
      },
      {
         "path" : "subpacks/mojangles_smooth/font/glyph_FB.png"
      },
      {
         "path" : "subpacks/mojangles/font/glyph_05.png"
      },
      {
         "path" : "subpacks/mojangles_smooth/font/glyph_1E.png"
      },
      {
         "path" : "subpacks/mojangles/font/glyph_07.png"
      },
      {
         "path" : "subpacks/mojangles/font/glyph_0E.png"
      },
      {
         "path" : "subpacks/mojangles/font/glyph_10.png"
      },
      {
         "path" : "subpacks/none/.nomedia"
      },
      {
         "path" : "subpacks/mojangles/font/glyph_1D.png"
      },
      {
         "path" : "subpacks/mojangles/font/glyph_1E.png"
      },
      {
         "path" : "subpacks/mojangles/font/glyph_20.png"
      },
      {
         "path" : "subpacks/mojangles_smooth/font/glyph_07.png"
      },
      {
         "path" : "subpacks/mojangles/font/glyph_21.png"
      },
      {
         "path" : "subpacks/mojangles_smooth/font/glyph_06.png"
      },
      {
         "path" : "subpacks/mojangles/font/glyph_22.png"
      },
      {
         "path" : "subpacks/mojangles_smooth/font/glyph_05.png"
      },
      {
         "path" : "subpacks/mojangles_smooth/font/glyph_A6.png"
      },
      {
         "path" : "subpacks/mojangles/font/glyph_23.png"
      },
      {
         "path" : "subpacks/mojangles_smooth/font/glyph_04.png"
      },
      {
         "path" : "subpacks/mojangles_smooth/font/glyph_A7.png"
      },
      {
         "path" : "subpacks/mojangles/font/glyph_24.png"
      },
      {
         "path" : "subpacks/mojangles_smooth/font/glyph_03.png"
      },
      {
         "path" : "subpacks/mojangles/font/glyph_25.png"
      },
      {
         "path" : "subpacks/mojangles_smooth/font/glyph_02.png"
      },
      {
         "path" : "subpacks/mojangles/font/glyph_26.png"
      },
      {
         "path" : "subpacks/mojangles_smooth/font/glyph_01.png"
      },
      {
         "path" : "subpacks/mojangles_smooth/font/glyph_2E.png"
      },
      {
         "path" : "subpacks/mojangles/font/glyph_28.png"
      },
      {
         "path" : "subpacks/mojangles/font/glyph_2A.png"
      },
      {
         "path" : "subpacks/mojangles/font/glyph_2B.png"
      },
      {
         "path" : "subpacks/mojangles_smooth/font/glyph_0E.png"
      },
      {
         "path" : "subpacks/mojangles/font/glyph_2C.png"
      },
      {
         "path" : "subpacks/mojangles_smooth/font/glyph_28.png"
      },
      {
         "path" : "subpacks/mojangles/font/glyph_2E.png"
      },
      {
         "path" : "subpacks/mojangles/font/glyph_A6.png"
      },
      {
         "path" : "subpacks/mojangles/font/glyph_A7.png"
      },
      {
         "path" : "subpacks/mojangles_smooth/font/glyph_23.png"
      },
      {
         "path" : "subpacks/mojangles/font/glyph_FB.png"
      },
      {
         "path" : "subpacks/mojangles_smooth/font/glyph_24.png"
      },
      {
         "path" : "subpacks/mojangles/font/glyph_FE.png"
      },
      {
         "path" : "subpacks/mojangles_smooth/font/glyph_2B.png"
      },
      {
         "path" : "subpacks/mojangles_smooth/font/default8.png"
      },
      {
         "path" : "subpacks/mojangles_smooth/font/glyph_10.png"
      },
      {
         "path" : "subpacks/mojangles_smooth/font/glyph_20.png"
      },
      {
         "path" : "subpacks/mojangles_smooth/font/glyph_21.png"
      },
      {
         "path" : "subpacks/mojangles_smooth/font/glyph_22.png"
      },
      {
         "path" : "subpacks/mojangles_smooth/font/glyph_25.png"
      },
      {
         "path" : "subpacks/mojangles_smooth/font/glyph_26.png"
      },
      {
         "path" : "subpacks/mojangles_smooth/font/glyph_27.png"
      },
      {
         "path" : "subpacks/mojangles_smooth/font/glyph_2A.png"
      },
      {
         "path" : "subpacks/mojangles_smooth/font/glyph_2C.png"
      },
      {
         "path" : "subpacks/unicode/font/default8.png"
      },
      {
         "path" : "texts/languages.json"
      },
      {
         "path" : "texts/language_names.json"
      },
      {
         "path" : "texts/vi_VN.lang"
      }
   ],
   "version" : 1
}
